Hospital Name,Location,Department,Doctors Count,Patients Count,Admission Date,Discharge Date,Medical Expenses
City Hospital,Ahmedabad,Orthopedics,42,192,05-08-2024,06-08-2024,90409.09
Medico Plus,Hyderabad,Gynecology,9,51,06-02-2025,11-02-2025,40704.42
Heritage Hospital,Kolkata,General Medicine,9,59,21-06-2024,04-07-2024,82771.23
City Hospital,Mumbai,General Medicine,34,129,12-02-2025,16-02-2025,71350.46
Apex Hospital,Bangalore,Cardiology,20,104,26-01-2025,28-01-2025,86799.11
Metro Health,Ahmedabad,Orthopedics,16,128,17-06-2025,28-06-2025,15075.9
Apex Hospital,Pune,Urology,37,197,12-12-2023,13-12-2023,86459.72
Heritage Hospital,Delhi,ENT,33,188,12-02-2025,20-02-2025,79447.28
City Hospital,Jaipur,Urology,47,21,26-04-2024,05-05-2024,70181.05
Metro Health,Jaipur,Cardiology,19,195,06-03-2024,07-03-2024,23118.72
Wellness Clinic,Bangalore,Neurology,44,77,24-04-2025,26-04-2025,45964.99
Sunrise Medical,Bangalore,Pediatrics,14,66,22-07-2024,25-07-2024,26297.85
Heritage Hospital,Ahmedabad,Orthopedics,29,60,02-05-2024,05-05-2024,22688.25
Heritage Hospital,Pune,Orthopedics,5,24,01-10-2024,11-10-2024,24909.37
Global Care,Mumbai,Pediatrics,23,39,04-12-2024,18-12-2024,32206.73
Global Care,Chennai,Orthopedics,40,85,05-03-2025,15-03-2025,28645.13
Medico Plus,Mumbai,Cardiology,15,74,30-05-2024,10-06-2024,40463.94
City Hospital,Jaipur,Urology,34,140,22-11-2024,24-11-2024,45105.86
Metro Health,Lucknow,Neurology,36,62,05-04-2024,09-04-2024,67956.25
Metro Health,Pune,Pediatrics,25,59,16-07-2023,29-07-2023,60161.91
City Hospital,Bangalore,ENT,7,155,28-02-2024,14-03-2024,45711.82
Wellness Clinic,Lucknow,Neurology,47,182,22-02-2025,04-03-2025,25786.57
Heritage Hospital,Ahmedabad,Neurology,9,179,18-12-2023,02-01-2024,32359.99
Wellness Clinic,Mumbai,Neurology,40,137,22-10-2023,23-10-2023,71173.72
LifeLine Hospital,Ahmedabad,Pediatrics,50,177,12-10-2023,21-10-2023,59267.03
LifeLine Hospital,Ahmedabad,General Medicine,47,122,16-06-2025,28-06-2025,45496.05
Wellness Clinic,Mumbai,Orthopedics,22,105,16-11-2023,18-11-2023,90340.83
City Hospital,Jaipur,Orthopedics,34,103,02-05-2025,06-05-2025,73114.38
LifeLine Hospital,Hyderabad,Orthopedics,14,152,10-08-2023,11-08-2023,90152.22
Sunrise Medical,Mumbai,Neurology,19,158,03-05-2025,08-05-2025,52569.75
Fortis Care,Delhi,Cardiology,20,37,12-03-2025,24-03-2025,77018.3
Fortis Care,Chennai,Cardiology,28,80,15-10-2023,25-10-2023,21496.17
City Hospital,Chennai,Neurology,25,106,16-03-2024,28-03-2024,8159.79
Wellness Clinic,Chennai,Neurology,13,168,04-07-2024,06-07-2024,28235.97
Medico Plus,Delhi,Dermatology,38,168,02-08-2023,04-08-2023,58433.55
City Hospital,Hyderabad,Gynecology,21,21,13-12-2023,27-12-2023,14767.36
Medico Plus,Pune,Cardiology,39,108,28-12-2024,10-01-2025,6775.86
Metro Health,Pune,Gynecology,11,43,05-01-2025,10-01-2025,89672.87
Metro Health,Delhi,Orthopedics,18,148,22-05-2024,01-06-2024,30196.28
Sunrise Medical,Mumbai,Orthopedics,14,69,19-09-2024,01-10-2024,49598.99
Metro Health,Ahmedabad,Gynecology,21,193,19-05-2024,23-05-2024,47837.9
LifeLine Hospital,Ahmedabad,Urology,41,67,05-11-2024,14-11-2024,84855.52
Metro Health,Mumbai,Dermatology,35,97,23-04-2024,24-04-2024,87392.84
Fortis Care,Delhi,Pediatrics,42,66,30-03-2024,12-04-2024,48668.46
LifeLine Hospital,Delhi,ENT,43,146,25-10-2024,07-11-2024,77628.38
Metro Health,Pune,ENT,42,69,22-06-2024,27-06-2024,46529.6
Wellness Clinic,Delhi,General Medicine,5,23,26-03-2025,30-03-2025,22285.95
City Hospital,Hyderabad,Orthopedics,29,37,18-11-2023,26-11-2023,79045.79
Medico Plus,Bangalore,Neurology,23,147,05-04-2024,14-04-2024,56952.95
Apex Hospital,Kolkata,General Medicine,37,135,05-12-2023,14-12-2023,5942.42
Fortis Care,Kolkata,Orthopedics,5,163,15-04-2024,26-04-2024,75699.68
Wellness Clinic,Pune,Gynecology,42,143,17-04-2024,18-04-2024,71073.01
City Hospital,Chennai,Gynecology,30,60,14-11-2024,27-11-2024,80418.11
City Hospital,Pune,Gynecology,14,143,06-12-2023,11-12-2023,66309.33
Metro Health,Lucknow,ENT,37,130,11-11-2023,24-11-2023,48261.14
City Hospital,Mumbai,Orthopedics,49,175,04-10-2023,05-10-2023,55895.78
LifeLine Hospital,Lucknow,Gynecology,44,52,02-04-2025,12-04-2025,80327.48
Heritage Hospital,Kolkata,Cardiology,19,186,03-03-2024,18-03-2024,66118.44
Fortis Care,Jaipur,Orthopedics,6,46,24-11-2023,25-11-2023,35031.43
Metro Health,Bangalore,Dermatology,29,80,10-02-2025,12-02-2025,36967.35
Metro Health,Jaipur,Oncology,16,106,22-04-2025,01-05-2025,70565.02
Medico Plus,Kolkata,Oncology,17,49,16-10-2023,18-10-2023,92301.71
Apex Hospital,Chennai,Oncology,41,54,05-04-2025,08-04-2025,75936.87
Wellness Clinic,Hyderabad,Neurology,20,136,02-01-2025,03-01-2025,10326.78
Sunrise Medical,Chennai,Orthopedics,37,138,28-10-2024,02-11-2024,56842.01
Medico Plus,Bangalore,Pediatrics,25,20,18-07-2023,01-08-2023,53822.58
LifeLine Hospital,Delhi,Neurology,17,78,03-01-2025,12-01-2025,7720.53
City Hospital,Ahmedabad,Dermatology,12,104,29-03-2024,07-04-2024,59464.33
Fortis Care,Hyderabad,Orthopedics,21,94,19-06-2024,22-06-2024,67231.27
City Hospital,Bangalore,Orthopedics,12,103,17-03-2024,29-03-2024,86117.3
Medico Plus,Jaipur,Pediatrics,18,30,16-05-2025,25-05-2025,88776.77
City Hospital,Ahmedabad,Neurology,41,132,31-08-2023,08-09-2023,89481.1
Medico Plus,Hyderabad,Gynecology,6,192,24-04-2024,26-04-2024,10008.45
Sunrise Medical,Chennai,General Medicine,20,76,10-12-2024,13-12-2024,17498.21
Apex Hospital,Bangalore,Dermatology,18,23,01-07-2025,04-07-2025,20280.55
Heritage Hospital,Bangalore,Oncology,37,137,10-02-2024,21-02-2024,80150.98
LifeLine Hospital,Jaipur,ENT,49,172,21-07-2023,28-07-2023,9617.08
Heritage Hospital,Mumbai,Urology,5,70,14-05-2025,19-05-2025,82048.88
Wellness Clinic,Bangalore,Orthopedics,6,144,10-03-2024,25-03-2024,36754.93
Heritage Hospital,Chennai,Cardiology,24,63,09-04-2025,13-04-2025,53614.66
Fortis Care,Kolkata,Oncology,17,64,31-01-2025,04-02-2025,96043.97
Medico Plus,Kolkata,Gynecology,14,118,07-06-2025,14-06-2025,27188.82
Metro Health,Lucknow,Urology,29,120,03-03-2024,17-03-2024,96084.91
Heritage Hospital,Lucknow,Cardiology,35,69,14-07-2023,25-07-2023,5965.45
City Hospital,Hyderabad,Orthopedics,5,155,13-09-2024,28-09-2024,52564.01
Medico Plus,Mumbai,Gynecology,17,130,15-09-2024,30-09-2024,55736.94
Sunrise Medical,Hyderabad,Neurology,10,55,17-08-2023,25-08-2023,88314.56
Medico Plus,Delhi,Gynecology,16,191,23-02-2025,27-02-2025,33227.3
Medico Plus,Ahmedabad,General Medicine,27,121,21-06-2025,06-07-2025,67637.98
Heritage Hospital,Mumbai,General Medicine,35,121,03-02-2024,13-02-2024,77686.74
Medico Plus,Ahmedabad,Oncology,48,83,02-02-2024,09-02-2024,53539.82
LifeLine Hospital,Mumbai,Dermatology,42,93,24-10-2024,31-10-2024,23581.82
City Hospital,Pune,Cardiology,33,91,07-04-2025,11-04-2025,26329.4
Wellness Clinic,Kolkata,Oncology,46,45,26-09-2024,08-10-2024,82074.64
Metro Health,Kolkata,General Medicine,19,151,29-11-2024,30-11-2024,43748.9
Wellness Clinic,Hyderabad,Cardiology,17,189,03-06-2024,13-06-2024,22388.94
Sunrise Medical,Ahmedabad,ENT,17,199,27-08-2024,06-09-2024,4197.58
Fortis Care,Mumbai,Oncology,10,103,22-01-2024,31-01-2024,29582.33
Fortis Care,Ahmedabad,ENT,39,141,04-01-2025,06-01-2025,79625.84
Apex Hospital,Kolkata,Urology,11,155,19-02-2024,25-02-2024,89297.07
City Hospital,Lucknow,Urology,31,142,08-03-2025,09-03-2025,27202.18
Apex Hospital,Hyderabad,Dermatology,49,178,25-08-2023,06-09-2023,49077.85
Heritage Hospital,Bangalore,Gynecology,8,115,21-02-2025,06-03-2025,96642.75
Medico Plus,Delhi,Urology,21,82,03-07-2024,15-07-2024,46477.1
LifeLine Hospital,Kolkata,Pediatrics,25,103,26-06-2025,11-07-2025,53803.32
Metro Health,Hyderabad,Urology,11,80,25-05-2025,31-05-2025,91554.56
Apex Hospital,Kolkata,Oncology,18,184,29-11-2023,04-12-2023,55266.7
Medico Plus,Kolkata,Pediatrics,25,108,31-12-2024,15-01-2025,4913.26
Wellness Clinic,Mumbai,Orthopedics,47,120,28-06-2024,01-07-2024,81308.18
LifeLine Hospital,Chennai,Cardiology,17,180,21-07-2023,01-08-2023,93270.1
Global Care,Jaipur,Neurology,11,131,16-08-2023,22-08-2023,86424.79
Wellness Clinic,Bangalore,Urology,6,25,18-11-2024,03-12-2024,31817.23
LifeLine Hospital,Hyderabad,Cardiology,35,38,18-05-2025,22-05-2025,88592.34
City Hospital,Ahmedabad,Neurology,46,132,21-06-2024,02-07-2024,27206.66
Wellness Clinic,Lucknow,Gynecology,36,131,02-05-2025,09-05-2025,71751.6
Apex Hospital,Kolkata,Pediatrics,40,81,16-12-2024,18-12-2024,96611.77
Global Care,Jaipur,General Medicine,8,177,27-05-2024,08-06-2024,62407.55
Sunrise Medical,Delhi,Urology,42,104,04-02-2025,16-02-2025,36964.36
City Hospital,Ahmedabad,Dermatology,17,45,16-06-2025,29-06-2025,46096.29
Metro Health,Bangalore,Orthopedics,11,165,11-04-2024,19-04-2024,63921.96
Wellness Clinic,Jaipur,Orthopedics,41,199,31-10-2024,13-11-2024,83404.04
Medico Plus,Chennai,General Medicine,7,49,30-11-2024,04-12-2024,61516.65
LifeLine Hospital,Hyderabad,General Medicine,35,150,12-08-2023,23-08-2023,28949.35
LifeLine Hospital,Hyderabad,Cardiology,9,134,04-05-2025,08-05-2025,26807.69
Metro Health,Pune,Orthopedics,33,134,08-04-2024,10-04-2024,68957.59
Fortis Care,Jaipur,Cardiology,33,122,13-09-2023,19-09-2023,89447.78
Heritage Hospital,Kolkata,Cardiology,8,83,17-01-2024,24-01-2024,29959.18
Global Care,Mumbai,ENT,25,104,08-05-2025,12-05-2025,11533.43
Fortis Care,Pune,Dermatology,44,154,23-08-2024,29-08-2024,76967.87
Apex Hospital,Bangalore,Oncology,23,110,13-03-2025,18-03-2025,66329.11
Medico Plus,Delhi,Cardiology,44,29,25-04-2024,08-05-2024,24355.48
Metro Health,Mumbai,Cardiology,9,185,17-06-2025,25-06-2025,98763.25
Metro Health,Pune,Dermatology,11,57,20-11-2023,04-12-2023,15326.65
Medico Plus,Kolkata,Cardiology,20,113,11-09-2024,20-09-2024,14821.55
Medico Plus,Jaipur,General Medicine,8,73,03-02-2024,18-02-2024,54989.9
Sunrise Medical,Delhi,Urology,20,172,28-08-2024,08-09-2024,24348.46
Sunrise Medical,Kolkata,Pediatrics,41,171,06-11-2023,12-11-2023,24484.41
Heritage Hospital,Chennai,Gynecology,39,53,07-01-2024,18-01-2024,30998.35
Wellness Clinic,Hyderabad,General Medicine,36,79,26-08-2023,05-09-2023,64356.43
Fortis Care,Chennai,Orthopedics,22,184,04-05-2024,15-05-2024,93071.32
City Hospital,Ahmedabad,Dermatology,25,119,22-10-2023,02-11-2023,28974.52
Wellness Clinic,Pune,Oncology,29,176,02-02-2024,13-02-2024,61139.32
City Hospital,Jaipur,Pediatrics,36,123,07-04-2024,20-04-2024,49273.31
Fortis Care,Hyderabad,Orthopedics,49,152,02-11-2023,07-11-2023,28361.68
LifeLine Hospital,Mumbai,General Medicine,33,70,15-10-2024,18-10-2024,23127.16
Metro Health,Hyderabad,Pediatrics,50,29,28-02-2024,06-03-2024,57438.74
Medico Plus,Pune,Pediatrics,9,109,16-03-2025,27-03-2025,68533.5
Wellness Clinic,Bangalore,Oncology,23,60,14-09-2023,27-09-2023,86808.16
Global Care,Delhi,Pediatrics,41,188,07-06-2025,22-06-2025,33395.26
Global Care,Ahmedabad,Cardiology,26,185,06-06-2024,17-06-2024,51493.32
LifeLine Hospital,Jaipur,Cardiology,29,67,18-10-2023,02-11-2023,97292.55
Fortis Care,Jaipur,General Medicine,32,27,25-01-2024,06-02-2024,26094.74
City Hospital,Pune,Dermatology,22,67,07-10-2023,21-10-2023,14115.8
LifeLine Hospital,Lucknow,Neurology,46,113,01-09-2024,06-09-2024,11135.95
Sunrise Medical,Kolkata,Dermatology,25,129,23-01-2025,06-02-2025,43526.74
City Hospital,Ahmedabad,Neurology,50,139,25-03-2024,29-03-2024,54181.74
Apex Hospital,Ahmedabad,Pediatrics,41,157,10-05-2024,12-05-2024,10942.01
LifeLine Hospital,Ahmedabad,Orthopedics,43,115,29-03-2024,01-04-2024,20117.17
Metro Health,Kolkata,Urology,20,148,13-12-2024,17-12-2024,97512.68
Apex Hospital,Lucknow,Neurology,50,93,26-01-2025,30-01-2025,20409.12
Heritage Hospital,Mumbai,Oncology,17,169,08-08-2024,16-08-2024,38241.47
City Hospital,Hyderabad,Urology,7,71,19-12-2024,26-12-2024,69583.46
Apex Hospital,Kolkata,Gynecology,29,192,13-06-2024,28-06-2024,75438.09
LifeLine Hospital,Chennai,Gynecology,25,142,02-06-2024,04-06-2024,32087.78
Fortis Care,Jaipur,Pediatrics,27,131,14-12-2023,29-12-2023,71171.83
Sunrise Medical,Mumbai,Gynecology,22,170,22-12-2023,29-12-2023,30166.54
Global Care,Lucknow,Gynecology,28,108,18-06-2024,30-06-2024,37178.71
Fortis Care,Chennai,ENT,42,107,19-05-2025,31-05-2025,72991.89
Sunrise Medical,Ahmedabad,Gynecology,39,162,16-07-2023,21-07-2023,83300.94
LifeLine Hospital,Bangalore,Orthopedics,31,155,15-11-2024,27-11-2024,64860.62
LifeLine Hospital,Mumbai,Oncology,15,122,25-10-2023,26-10-2023,75973.71
Medico Plus,Delhi,Oncology,7,82,06-10-2023,19-10-2023,21976.6
Medico Plus,Bangalore,Neurology,45,27,01-09-2024,16-09-2024,51714.95
Fortis Care,Hyderabad,Oncology,25,92,11-07-2023,26-07-2023,91418.66
Medico Plus,Lucknow,Cardiology,7,195,20-08-2023,31-08-2023,87532.95
Metro Health,Chennai,Neurology,15,149,21-10-2024,03-11-2024,82035.58
Apex Hospital,Jaipur,Orthopedics,7,133,10-02-2025,21-02-2025,6647.78
City Hospital,Bangalore,Dermatology,8,76,04-09-2023,17-09-2023,64791.5
Sunrise Medical,Delhi,General Medicine,9,155,09-09-2024,11-09-2024,6750.3
Apex Hospital,Ahmedabad,Neurology,16,50,23-02-2024,07-03-2024,76864.64
Metro Health,Bangalore,ENT,7,33,28-12-2024,30-12-2024,71060.47
Wellness Clinic,Hyderabad,Cardiology,35,132,12-08-2023,15-08-2023,57328.97
Fortis Care,Delhi,Dermatology,17,24,09-01-2024,16-01-2024,15460.5
Metro Health,Lucknow,Gynecology,25,105,16-12-2023,28-12-2023,73151.89
Wellness Clinic,Delhi,Gynecology,36,96,24-01-2024,06-02-2024,64968.87
Medico Plus,Hyderabad,Neurology,15,135,23-05-2024,30-05-2024,14894.87
Apex Hospital,Lucknow,Urology,12,115,01-07-2024,02-07-2024,65716.49
Apex Hospital,Bangalore,Pediatrics,28,30,26-11-2023,07-12-2023,39715.95
Medico Plus,Jaipur,Gynecology,49,73,11-12-2023,17-12-2023,63968.25
Sunrise Medical,Kolkata,Urology,39,82,19-01-2024,02-02-2024,17838.26
Apex Hospital,Jaipur,Orthopedics,41,185,23-05-2024,04-06-2024,51323.65
Global Care,Lucknow,Oncology,17,182,16-07-2023,17-07-2023,41048.33
City Hospital,Delhi,Urology,17,52,03-06-2024,06-06-2024,8993.59
LifeLine Hospital,Jaipur,General Medicine,12,76,08-05-2024,15-05-2024,50100.93
Apex Hospital,Hyderabad,Gynecology,42,20,06-04-2025,15-04-2025,31525.18
Apex Hospital,Delhi,Neurology,24,78,07-07-2025,13-07-2025,36287.09
Apex Hospital,Ahmedabad,Dermatology,18,41,17-08-2023,21-08-2023,75198.82
Global Care,Pune,Gynecology,45,191,28-03-2024,12-04-2024,27731.63
Heritage Hospital,Kolkata,Urology,9,113,16-08-2023,19-08-2023,68567.31
Fortis Care,Pune,Cardiology,47,139,07-09-2023,21-09-2023,72991.24
Apex Hospital,Bangalore,Dermatology,47,23,30-11-2024,02-12-2024,57198.0
Metro Health,Bangalore,Urology,27,198,12-07-2023,26-07-2023,76569.24
Wellness Clinic,Jaipur,Oncology,19,98,20-04-2024,04-05-2024,56283.95
Heritage Hospital,Kolkata,Gynecology,39,125,12-04-2025,22-04-2025,91080.6
Wellness Clinic,Chennai,Urology,22,54,11-08-2024,24-08-2024,51836.16
Wellness Clinic,Kolkata,Orthopedics,36,29,29-10-2023,11-11-2023,50380.16
Wellness Clinic,Mumbai,Gynecology,45,157,17-06-2024,23-06-2024,11464.1
Sunrise Medical,Jaipur,Pediatrics,43,85,09-07-2024,12-07-2024,68291.02
Apex Hospital,Mumbai,Pediatrics,7,122,01-04-2024,06-04-2024,47783.88
Medico Plus,Chennai,ENT,35,82,06-06-2024,12-06-2024,70794.89
City Hospital,Kolkata,ENT,5,54,27-08-2024,04-09-2024,85630.9
City Hospital,Ahmedabad,Cardiology,43,30,22-08-2024,24-08-2024,92063.07
Medico Plus,Pune,General Medicine,27,23,05-05-2024,18-05-2024,47905.94
LifeLine Hospital,Bangalore,Dermatology,9,54,10-03-2025,17-03-2025,44112.21
Apex Hospital,Lucknow,Gynecology,12,121,22-03-2024,31-03-2024,96366.92
Global Care,Delhi,Dermatology,31,175,07-06-2024,12-06-2024,17519.02
Wellness Clinic,Bangalore,Gynecology,35,21,01-08-2023,15-08-2023,76704.98
LifeLine Hospital,Chennai,General Medicine,25,154,04-01-2024,11-01-2024,96573.79
Apex Hospital,Bangalore,General Medicine,41,163,30-11-2024,06-12-2024,99738.88
Heritage Hospital,Mumbai,Neurology,27,198,12-11-2023,21-11-2023,11604.7
Global Care,Mumbai,Pediatrics,44,200,05-12-2024,10-12-2024,66452.85
City Hospital,Bangalore,Urology,13,51,16-09-2023,29-09-2023,26588.9
City Hospital,Lucknow,Cardiology,27,125,01-03-2024,07-03-2024,46645.11
Metro Health,Hyderabad,Cardiology,38,38,16-11-2024,18-11-2024,30433.35
Wellness Clinic,Mumbai,General Medicine,45,141,31-08-2023,08-09-2023,26351.09
LifeLine Hospital,Bangalore,ENT,23,117,22-10-2023,03-11-2023,54944.01
Metro Health,Pune,General Medicine,15,171,01-04-2025,13-04-2025,57163.36
Metro Health,Bangalore,Pediatrics,20,150,31-03-2024,12-04-2024,19707.66
Heritage Hospital,Delhi,Neurology,15,131,26-07-2024,31-07-2024,29036.55
Heritage Hospital,Bangalore,Orthopedics,5,130,02-07-2024,03-07-2024,73915.59
Global Care,Chennai,Urology,32,35,19-09-2023,23-09-2023,60014.1
Medico Plus,Bangalore,Cardiology,11,74,10-08-2023,12-08-2023,15381.34
Heritage Hospital,Jaipur,Orthopedics,6,163,09-03-2025,15-03-2025,45188.71
Apex Hospital,Jaipur,Neurology,44,197,04-08-2023,11-08-2023,92087.37
City Hospital,Hyderabad,Pediatrics,32,126,01-04-2025,09-04-2025,39069.01
Fortis Care,Hyderabad,Urology,23,70,29-01-2024,07-02-2024,21527.63
Wellness Clinic,Pune,Dermatology,42,192,12-07-2023,26-07-2023,67198.97
LifeLine Hospital,Bangalore,Urology,40,106,14-11-2024,26-11-2024,57961.28
LifeLine Hospital,Ahmedabad,ENT,50,71,28-07-2023,12-08-2023,79696.59
Medico Plus,Mumbai,Cardiology,23,23,12-05-2025,26-05-2025,96932.87
Apex Hospital,Lucknow,Oncology,29,60,25-08-2023,29-08-2023,11136.73
Metro Health,Lucknow,Neurology,48,89,20-07-2024,03-08-2024,27753.99
City Hospital,Ahmedabad,Cardiology,5,103,15-01-2024,29-01-2024,23727.74
Medico Plus,Kolkata,Dermatology,48,127,23-03-2025,26-03-2025,73448.88
Sunrise Medical,Lucknow,ENT,23,52,27-10-2023,10-11-2023,49948.97
Wellness Clinic,Mumbai,Orthopedics,34,132,14-11-2023,21-11-2023,15286.25
City Hospital,Delhi,General Medicine,18,96,26-01-2025,30-01-2025,15847.88
LifeLine Hospital,Pune,Oncology,36,123,17-02-2024,28-02-2024,28990.16
Heritage Hospital,Ahmedabad,Pediatrics,39,126,23-02-2025,26-02-2025,94948.47
City Hospital,Chennai,Gynecology,49,139,10-02-2025,23-02-2025,95091.79
Sunrise Medical,Delhi,General Medicine,10,101,10-12-2024,14-12-2024,4137.13
Wellness Clinic,Lucknow,Cardiology,16,184,18-06-2024,25-06-2024,83938.11
Wellness Clinic,Delhi,Cardiology,6,104,16-08-2024,22-08-2024,64364.25
City Hospital,Chennai,ENT,17,130,16-11-2023,22-11-2023,41067.77
Apex Hospital,Delhi,ENT,13,199,25-05-2025,01-06-2025,55715.98
Fortis Care,Delhi,Urology,40,185,09-11-2023,15-11-2023,24493.15
Medico Plus,Hyderabad,Pediatrics,41,199,20-03-2024,25-03-2024,56522.15
Fortis Care,Bangalore,Dermatology,47,20,09-12-2023,10-12-2023,66863.77
Global Care,Mumbai,Oncology,23,196,22-12-2023,28-12-2023,68586.34
Global Care,Ahmedabad,General Medicine,23,138,26-09-2023,06-10-2023,61281.65
Wellness Clinic,Jaipur,Dermatology,20,154,08-01-2025,20-01-2025,9341.96
City Hospital,Mumbai,ENT,31,24,23-07-2023,06-08-2023,35722.41
Fortis Care,Mumbai,ENT,37,171,26-01-2024,31-01-2024,68742.16
Heritage Hospital,Bangalore,Dermatology,13,30,04-08-2024,15-08-2024,70180.78
City Hospital,Delhi,Cardiology,18,35,15-09-2024,24-09-2024,69715.38
Apex Hospital,Kolkata,ENT,21,117,29-12-2023,01-01-2024,39576.5
Global Care,Kolkata,General Medicine,5,158,22-02-2024,29-02-2024,56496.73
Heritage Hospital,Jaipur,Gynecology,18,97,18-04-2024,19-04-2024,32102.45
Wellness Clinic,Hyderabad,Dermatology,33,102,13-07-2023,19-07-2023,92670.42
Metro Health,Chennai,Orthopedics,27,162,04-10-2024,06-10-2024,79568.63
Sunrise Medical,Kolkata,Urology,26,196,12-12-2023,26-12-2023,39277.64
Apex Hospital,Pune,Dermatology,39,34,14-02-2024,26-02-2024,19248.02
Heritage Hospital,Hyderabad,Urology,28,151,14-09-2023,17-09-2023,32977.63
Wellness Clinic,Hyderabad,ENT,28,63,09-09-2024,17-09-2024,32446.52
Heritage Hospital,Hyderabad,Orthopedics,7,89,21-04-2024,23-04-2024,57423.65
Global Care,Kolkata,Cardiology,44,152,22-12-2023,04-01-2024,11027.86
Heritage Hospital,Hyderabad,Dermatology,43,67,09-08-2024,24-08-2024,99131.58
Global Care,Lucknow,General Medicine,23,121,28-05-2025,05-06-2025,54715.38
City Hospital,Hyderabad,General Medicine,5,191,13-03-2025,21-03-2025,3093.46
Fortis Care,Hyderabad,General Medicine,30,86,20-02-2024,27-02-2024,16781.54
LifeLine Hospital,Pune,ENT,10,49,20-01-2024,26-01-2024,84731.21
City Hospital,Lucknow,Dermatology,35,67,31-05-2024,04-06-2024,60970.85
Heritage Hospital,Lucknow,Urology,33,79,23-11-2024,26-11-2024,63874.75
Medico Plus,Chennai,Gynecology,7,176,22-07-2023,24-07-2023,88679.27
City Hospital,Jaipur,Cardiology,32,152,17-03-2025,22-03-2025,22699.25
Medico Plus,Kolkata,Gynecology,22,35,04-10-2023,06-10-2023,12602.1
Sunrise Medical,Delhi,Urology,14,192,13-02-2025,14-02-2025,90133.13
Apex Hospital,Lucknow,Dermatology,24,112,31-08-2023,01-09-2023,14311.53
City Hospital,Ahmedabad,Orthopedics,16,97,18-10-2023,22-10-2023,52697.12
Fortis Care,Mumbai,Orthopedics,29,106,17-10-2023,28-10-2023,3063.83
Wellness Clinic,Pune,Neurology,42,191,06-06-2025,12-06-2025,32624.58
Sunrise Medical,Mumbai,Pediatrics,36,52,17-01-2024,22-01-2024,52905.72
Wellness Clinic,Ahmedabad,Dermatology,28,139,15-04-2025,19-04-2025,6470.18
Global Care,Mumbai,Cardiology,20,22,27-09-2024,08-10-2024,31153.55
Medico Plus,Ahmedabad,Pediatrics,7,156,08-02-2024,13-02-2024,24162.29
City Hospital,Pune,ENT,25,190,20-05-2025,02-06-2025,87796.4
Apex Hospital,Pune,Neurology,20,105,26-01-2024,30-01-2024,18917.25
Wellness Clinic,Ahmedabad,Gynecology,5,52,07-02-2025,10-02-2025,65614.33
Fortis Care,Chennai,Urology,18,84,25-07-2023,09-08-2023,61576.41
Medico Plus,Delhi,ENT,37,129,29-01-2025,09-02-2025,40392.01
Metro Health,Mumbai,Oncology,18,38,12-09-2023,24-09-2023,51560.86
LifeLine Hospital,Hyderabad,General Medicine,28,65,18-06-2025,24-06-2025,98710.72
Metro Health,Delhi,Pediatrics,37,53,22-03-2025,01-04-2025,29810.28
Heritage Hospital,Bangalore,Cardiology,43,58,30-09-2023,03-10-2023,89521.98
Global Care,Jaipur,Urology,24,82,17-07-2023,24-07-2023,7968.69
LifeLine Hospital,Pune,Pediatrics,22,151,17-07-2024,19-07-2024,52558.96
Global Care,Chennai,Dermatology,35,46,06-10-2024,09-10-2024,30344.01
Sunrise Medical,Hyderabad,Orthopedics,33,62,06-02-2024,21-02-2024,46972.0
Metro Health,Kolkata,Oncology,46,32,28-06-2025,12-07-2025,16441.75
LifeLine Hospital,Kolkata,Pediatrics,27,158,14-08-2023,28-08-2023,66634.23
Metro Health,Kolkata,Orthopedics,18,51,22-10-2024,23-10-2024,84796.75
Medico Plus,Mumbai,Gynecology,31,157,28-07-2023,02-08-2023,94390.09
Apex Hospital,Mumbai,Dermatology,48,96,22-03-2024,23-03-2024,61844.89
Medico Plus,Bangalore,Neurology,39,108,10-02-2024,18-02-2024,17145.2
Fortis Care,Kolkata,ENT,45,197,07-02-2024,11-02-2024,74564.09
City Hospital,Delhi,General Medicine,8,153,01-08-2024,07-08-2024,77827.11
Global Care,Lucknow,Cardiology,28,111,05-06-2025,19-06-2025,71486.38
Heritage Hospital,Mumbai,Gynecology,40,180,16-07-2024,22-07-2024,47086.25
Metro Health,Mumbai,General Medicine,7,135,19-06-2025,22-06-2025,91571.6
Sunrise Medical,Ahmedabad,Urology,46,137,11-07-2023,26-07-2023,39243.13
Heritage Hospital,Ahmedabad,Neurology,30,131,15-05-2025,29-05-2025,59732.05
Fortis Care,Hyderabad,Neurology,50,186,27-08-2023,01-09-2023,28287.65
Medico Plus,Delhi,General Medicine,32,90,23-11-2024,01-12-2024,8408.78
Heritage Hospital,Ahmedabad,Pediatrics,7,57,16-03-2024,21-03-2024,22999.0
Apex Hospital,Bangalore,Gynecology,23,66,19-10-2023,28-10-2023,72573.74
Heritage Hospital,Jaipur,Cardiology,14,105,13-09-2023,21-09-2023,58791.88
Fortis Care,Hyderabad,Neurology,14,76,28-09-2024,05-10-2024,19746.28
Sunrise Medical,Pune,Urology,8,164,30-07-2023,02-08-2023,10364.09
Apex Hospital,Chennai,Cardiology,7,44,28-10-2024,29-10-2024,26831.96
LifeLine Hospital,Jaipur,General Medicine,30,192,13-01-2024,24-01-2024,85159.97
Apex Hospital,Bangalore,Gynecology,12,153,26-11-2024,27-11-2024,12353.74
City Hospital,Delhi,Pediatrics,40,85,29-03-2024,04-04-2024,93542.21
Wellness Clinic,Chennai,ENT,17,120,27-11-2023,06-12-2023,7605.1
Fortis Care,Delhi,Neurology,29,189,02-12-2023,06-12-2023,84656.47
City Hospital,Chennai,Neurology,19,182,04-08-2023,09-08-2023,44633.02
Medico Plus,Bangalore,Urology,36,147,03-10-2024,13-10-2024,59914.16
Metro Health,Chennai,Orthopedics,22,20,26-01-2024,06-02-2024,70528.5
Sunrise Medical,Delhi,Oncology,26,109,08-03-2025,19-03-2025,64932.24
Apex Hospital,Pune,Oncology,30,108,16-10-2024,23-10-2024,23614.19
LifeLine Hospital,Delhi,Neurology,47,32,18-12-2024,01-01-2025,73277.33
Global Care,Kolkata,Urology,36,119,01-03-2024,16-03-2024,62128.69
Wellness Clinic,Hyderabad,Pediatrics,14,37,01-08-2024,11-08-2024,55522.59
LifeLine Hospital,Mumbai,ENT,42,159,04-07-2024,07-07-2024,95140.44
Heritage Hospital,Lucknow,Cardiology,19,125,07-07-2024,14-07-2024,47765.36
Global Care,Jaipur,ENT,41,46,05-02-2025,09-02-2025,37119.37
Fortis Care,Chennai,Dermatology,35,176,06-05-2025,17-05-2025,62583.57
Metro Health,Bangalore,Cardiology,39,115,20-10-2023,28-10-2023,8329.86
Sunrise Medical,Ahmedabad,Dermatology,28,57,23-06-2025,28-06-2025,67440.53
Wellness Clinic,Ahmedabad,Oncology,18,26,06-05-2024,15-05-2024,16966.36
Apex Hospital,Ahmedabad,Gynecology,50,65,02-04-2025,16-04-2025,24616.3
Metro Health,Kolkata,ENT,28,86,23-02-2024,02-03-2024,29858.45
Fortis Care,Chennai,Orthopedics,10,61,18-10-2024,28-10-2024,49283.69
Wellness Clinic,Mumbai,Cardiology,34,150,21-03-2024,25-03-2024,40080.08
Apex Hospital,Bangalore,Urology,10,151,30-04-2024,01-05-2024,21620.28
Wellness Clinic,Hyderabad,Oncology,26,81,27-11-2023,11-12-2023,38604.09
Sunrise Medical,Jaipur,Oncology,23,75,14-01-2025,25-01-2025,44432.79
Global Care,Delhi,Orthopedics,49,110,22-07-2024,28-07-2024,5424.25
Wellness Clinic,Ahmedabad,Dermatology,43,181,02-01-2025,05-01-2025,72580.43
Fortis Care,Chennai,General Medicine,28,97,11-06-2024,24-06-2024,91392.03
Sunrise Medical,Chennai,Gynecology,15,174,01-05-2025,15-05-2025,79467.18
Metro Health,Hyderabad,General Medicine,19,91,19-05-2025,27-05-2025,6258.36
Global Care,Jaipur,Oncology,40,168,06-04-2025,15-04-2025,8040.05
Wellness Clinic,Chennai,Gynecology,36,164,22-12-2024,05-01-2025,99919.21
Sunrise Medical,Hyderabad,General Medicine,39,114,18-09-2023,01-10-2023,68055.8
Sunrise Medical,Pune,ENT,8,95,01-06-2024,09-06-2024,65927.39
Fortis Care,Kolkata,ENT,28,163,06-05-2024,16-05-2024,92829.85
LifeLine Hospital,Hyderabad,Cardiology,33,59,17-07-2023,24-07-2023,70208.55
City Hospital,Hyderabad,Urology,17,69,18-04-2024,22-04-2024,47973.72
LifeLine Hospital,Delhi,Orthopedics,12,87,13-02-2024,26-02-2024,3669.65
Metro Health,Jaipur,General Medicine,36,182,30-08-2024,09-09-2024,85277.28
LifeLine Hospital,Mumbai,Urology,43,48,19-03-2024,01-04-2024,52124.56
Apex Hospital,Delhi,Orthopedics,31,46,17-06-2024,29-06-2024,55763.76
Heritage Hospital,Jaipur,Oncology,25,34,06-05-2025,16-05-2025,91794.83
Sunrise Medical,Chennai,Pediatrics,23,165,18-11-2023,02-12-2023,20097.26
Heritage Hospital,Hyderabad,Orthopedics,16,122,25-11-2024,26-11-2024,18083.76
City Hospital,Kolkata,Pediatrics,50,103,28-08-2023,12-09-2023,56236.83
Global Care,Lucknow,Pediatrics,41,137,06-12-2023,21-12-2023,74054.5
City Hospital,Pune,ENT,26,100,21-05-2024,01-06-2024,93278.86
Global Care,Ahmedabad,Cardiology,46,30,17-05-2024,26-05-2024,90204.17
Wellness Clinic,Pune,ENT,41,152,04-07-2024,07-07-2024,45667.32
Global Care,Jaipur,Urology,6,109,27-10-2023,30-10-2023,46650.46
City Hospital,Hyderabad,Dermatology,48,75,09-03-2025,12-03-2025,96791.18
Apex Hospital,Lucknow,Cardiology,21,109,06-03-2025,14-03-2025,80511.58
Heritage Hospital,Pune,Oncology,40,155,03-01-2024,04-01-2024,21945.37
Metro Health,Kolkata,Dermatology,31,47,01-11-2023,03-11-2023,32726.88
Sunrise Medical,Lucknow,Orthopedics,28,76,29-01-2024,31-01-2024,6312.88
Medico Plus,Chennai,Orthopedics,5,146,17-11-2023,24-11-2023,9817.34
City Hospital,Hyderabad,Urology,21,104,08-01-2024,11-01-2024,4116.11
Global Care,Lucknow,Oncology,50,59,09-02-2024,16-02-2024,86301.52
Metro Health,Hyderabad,ENT,12,180,25-04-2024,29-04-2024,41645.51
LifeLine Hospital,Kolkata,Oncology,12,116,23-06-2024,30-06-2024,35819.53
Global Care,Pune,Cardiology,34,171,28-01-2024,05-02-2024,62670.99
Apex Hospital,Ahmedabad,Gynecology,25,90,07-10-2024,19-10-2024,82634.76
LifeLine Hospital,Hyderabad,Oncology,23,47,05-03-2024,11-03-2024,79180.33
Metro Health,Pune,ENT,12,184,05-09-2024,06-09-2024,43581.17
City Hospital,Chennai,Orthopedics,50,196,05-12-2024,13-12-2024,47710.73
Metro Health,Bangalore,Urology,16,132,21-09-2024,27-09-2024,27468.09
Fortis Care,Mumbai,Neurology,12,61,05-12-2023,18-12-2023,52572.59
Fortis Care,Ahmedabad,Cardiology,47,141,11-04-2025,18-04-2025,11381.47
City Hospital,Jaipur,Orthopedics,34,192,24-05-2025,31-05-2025,77782.09
Sunrise Medical,Pune,General Medicine,41,189,23-07-2023,29-07-2023,61965.5
Heritage Hospital,Ahmedabad,Oncology,39,130,23-09-2023,26-09-2023,34853.25
Apex Hospital,Mumbai,Dermatology,33,190,19-10-2024,01-11-2024,49001.93
Sunrise Medical,Chennai,Orthopedics,30,154,08-03-2025,15-03-2025,96465.41
Global Care,Hyderabad,Dermatology,40,129,08-07-2024,14-07-2024,62549.18
Global Care,Jaipur,Oncology,38,100,18-05-2024,22-05-2024,95067.49
Fortis Care,Bangalore,Gynecology,24,151,11-07-2023,14-07-2023,20695.95
Fortis Care,Mumbai,Orthopedics,23,132,09-08-2023,24-08-2023,87918.67
Wellness Clinic,Delhi,Urology,10,53,26-05-2024,06-06-2024,46554.31
Apex Hospital,Delhi,General Medicine,50,88,25-10-2024,06-11-2024,51409.71
Wellness Clinic,Mumbai,Dermatology,37,70,12-12-2024,20-12-2024,86741.44
Sunrise Medical,Lucknow,Oncology,5,35,28-11-2023,12-12-2023,70530.92
Global Care,Jaipur,Neurology,19,91,29-09-2023,13-10-2023,26003.51
Wellness Clinic,Pune,Dermatology,13,177,29-11-2023,04-12-2023,38067.88
Apex Hospital,Hyderabad,Gynecology,38,59,25-11-2024,30-11-2024,16985.1
Metro Health,Delhi,Oncology,9,86,09-02-2024,14-02-2024,64166.06
Medico Plus,Hyderabad,Gynecology,20,122,03-12-2023,12-12-2023,98447.78
Global Care,Bangalore,General Medicine,25,63,15-09-2024,20-09-2024,98609.36
Metro Health,Mumbai,Gynecology,15,153,16-09-2023,20-09-2023,41626.67
Fortis Care,Hyderabad,Orthopedics,23,88,24-01-2024,04-02-2024,88568.31
Sunrise Medical,Delhi,ENT,19,108,21-05-2024,26-05-2024,39535.79
LifeLine Hospital,Chennai,Neurology,8,112,09-08-2024,19-08-2024,54850.58
Metro Health,Ahmedabad,Pediatrics,44,92,17-02-2025,27-02-2025,29124.37
Fortis Care,Hyderabad,Neurology,41,113,10-09-2024,20-09-2024,70401.65
Wellness Clinic,Mumbai,General Medicine,28,173,27-10-2024,10-11-2024,78374.6
City Hospital,Lucknow,Neurology,34,87,29-11-2024,04-12-2024,83673.15
LifeLine Hospital,Chennai,Orthopedics,10,37,28-12-2024,08-01-2025,60345.92
LifeLine Hospital,Kolkata,Urology,43,130,12-04-2024,18-04-2024,92415.84
Sunrise Medical,Mumbai,ENT,30,122,28-11-2024,30-11-2024,45365.56
Medico Plus,Hyderabad,Cardiology,37,59,09-08-2024,12-08-2024,89359.53
Metro Health,Pune,Dermatology,10,112,03-01-2024,18-01-2024,9234.58
Metro Health,Mumbai,Orthopedics,36,191,28-04-2024,13-05-2024,72301.37
LifeLine Hospital,Delhi,General Medicine,25,172,06-11-2024,21-11-2024,37897.35
Metro Health,Kolkata,Urology,32,184,09-12-2023,16-12-2023,58719.63
LifeLine Hospital,Chennai,Dermatology,18,110,31-03-2024,15-04-2024,49961.48
Fortis Care,Hyderabad,Dermatology,20,45,26-09-2023,10-10-2023,25883.65
Medico Plus,Lucknow,Dermatology,6,140,08-03-2024,23-03-2024,67703.92
Metro Health,Kolkata,Urology,32,140,13-06-2024,14-06-2024,50120.95
Metro Health,Delhi,Neurology,33,99,26-03-2025,27-03-2025,89850.53
Fortis Care,Lucknow,Neurology,22,60,23-01-2025,02-02-2025,41784.49
Fortis Care,Kolkata,Urology,14,51,07-08-2024,08-08-2024,27071.89
Apex Hospital,Mumbai,ENT,18,178,03-04-2025,18-04-2025,93491.83
Sunrise Medical,Ahmedabad,Cardiology,15,30,21-11-2024,06-12-2024,68938.99
City Hospital,Jaipur,Pediatrics,35,146,06-04-2024,14-04-2024,43409.71
Metro Health,Kolkata,Neurology,47,78,18-02-2024,21-02-2024,50793.66
City Hospital,Bangalore,Oncology,22,126,30-07-2024,12-08-2024,69298.93
Apex Hospital,Kolkata,Pediatrics,34,128,11-04-2025,19-04-2025,88012.34
Wellness Clinic,Pune,Neurology,38,95,27-05-2025,29-05-2025,42018.93
Apex Hospital,Jaipur,Pediatrics,39,151,18-06-2024,24-06-2024,66013.41
Fortis Care,Lucknow,Orthopedics,27,22,09-10-2024,12-10-2024,40177.76
Medico Plus,Chennai,Orthopedics,20,155,09-02-2025,23-02-2025,30212.94
Wellness Clinic,Kolkata,Pediatrics,28,142,07-08-2023,12-08-2023,89615.02
Apex Hospital,Pune,Dermatology,20,168,18-11-2024,29-11-2024,89582.58
Fortis Care,Mumbai,Dermatology,5,56,02-02-2025,07-02-2025,90982.35
Medico Plus,Pune,Dermatology,37,190,06-02-2025,17-02-2025,61528.36
City Hospital,Kolkata,Oncology,15,55,22-05-2024,31-05-2024,7120.59
Medico Plus,Delhi,Oncology,35,105,07-05-2024,19-05-2024,99610.42
City Hospital,Ahmedabad,Orthopedics,39,38,30-10-2023,03-11-2023,65565.76
Sunrise Medical,Bangalore,Neurology,33,199,28-12-2023,06-01-2024,45154.6
Metro Health,Kolkata,Neurology,25,38,02-02-2024,15-02-2024,93104.77
Apex Hospital,Delhi,Urology,45,181,17-04-2025,21-04-2025,60051.19
Sunrise Medical,Lucknow,ENT,31,40,17-06-2024,18-06-2024,32011.54
Apex Hospital,Kolkata,General Medicine,24,196,27-06-2024,08-07-2024,94175.37
Wellness Clinic,Kolkata,Urology,12,164,22-12-2024,26-12-2024,92918.87
Wellness Clinic,Jaipur,Neurology,37,60,30-04-2024,03-05-2024,3922.58
Sunrise Medical,Hyderabad,Neurology,18,129,16-09-2024,30-09-2024,18224.56
Heritage Hospital,Jaipur,Urology,44,152,22-11-2023,28-11-2023,65111.62
City Hospital,Bangalore,Pediatrics,24,184,22-10-2023,01-11-2023,67803.7
LifeLine Hospital,Hyderabad,Cardiology,47,79,26-08-2024,28-08-2024,69871.15
Metro Health,Lucknow,Dermatology,49,75,19-04-2024,23-04-2024,81577.88
LifeLine Hospital,Chennai,Urology,42,39,09-09-2024,10-09-2024,19742.83
Apex Hospital,Kolkata,Neurology,18,64,10-08-2024,18-08-2024,12319.51
City Hospital,Lucknow,Cardiology,14,179,18-09-2023,28-09-2023,88304.2
Fortis Care,Lucknow,ENT,30,45,07-10-2024,18-10-2024,87510.38
LifeLine Hospital,Jaipur,Oncology,39,51,19-09-2023,22-09-2023,8862.31
Sunrise Medical,Jaipur,General Medicine,37,129,24-06-2025,05-07-2025,74941.1
Medico Plus,Pune,Pediatrics,31,162,28-05-2025,06-06-2025,41728.83
City Hospital,Mumbai,Cardiology,20,133,30-05-2024,31-05-2024,71563.77
Global Care,Pune,Cardiology,49,93,01-04-2024,03-04-2024,79449.58
Fortis Care,Jaipur,ENT,36,184,27-03-2025,10-04-2025,61740.59
Sunrise Medical,Lucknow,Urology,36,170,11-02-2024,14-02-2024,54962.94
Fortis Care,Mumbai,Pediatrics,43,50,24-04-2024,03-05-2024,73966.48
LifeLine Hospital,Mumbai,General Medicine,30,91,15-10-2023,25-10-2023,34404.85
Medico Plus,Delhi,Dermatology,14,127,02-05-2025,14-05-2025,60974.31
Apex Hospital,Jaipur,Gynecology,28,49,20-05-2024,30-05-2024,51363.75
Fortis Care,Jaipur,Pediatrics,35,104,13-02-2025,22-02-2025,87997.89
Medico Plus,Delhi,Oncology,7,55,26-07-2023,29-07-2023,44886.55
LifeLine Hospital,Ahmedabad,Gynecology,49,32,05-10-2024,15-10-2024,64523.31
Heritage Hospital,Lucknow,ENT,38,185,11-01-2025,12-01-2025,70626.15
Fortis Care,Bangalore,Oncology,8,142,18-11-2023,21-11-2023,83473.69
Global Care,Mumbai,Urology,31,32,24-12-2023,27-12-2023,19423.06
City Hospital,Pune,Oncology,5,137,02-09-2023,03-09-2023,47244.68
Global Care,Pune,Cardiology,6,76,12-03-2024,25-03-2024,25391.3
Heritage Hospital,Chennai,Dermatology,5,46,28-05-2025,01-06-2025,78335.95
Wellness Clinic,Hyderabad,Pediatrics,44,130,22-05-2024,31-05-2024,17479.51
Apex Hospital,Hyderabad,Gynecology,28,192,07-02-2024,10-02-2024,22424.79
Heritage Hospital,Pune,Cardiology,42,73,27-10-2024,06-11-2024,45213.28
Apex Hospital,Pune,Urology,41,118,28-03-2024,02-04-2024,38959.27
Metro Health,Ahmedabad,Cardiology,46,178,01-10-2024,14-10-2024,97924.54
Wellness Clinic,Lucknow,General Medicine,31,63,10-08-2023,25-08-2023,77592.68
Sunrise Medical,Kolkata,Dermatology,37,186,29-05-2025,30-05-2025,15503.61
Wellness Clinic,Pune,Neurology,35,197,15-12-2024,26-12-2024,8516.59
LifeLine Hospital,Jaipur,General Medicine,13,65,29-10-2024,06-11-2024,9438.53
Global Care,Hyderabad,Pediatrics,43,149,12-02-2024,19-02-2024,62107.54
Apex Hospital,Pune,Orthopedics,49,200,09-08-2023,17-08-2023,69359.17
Metro Health,Jaipur,Pediatrics,9,49,09-06-2025,20-06-2025,76372.58
Apex Hospital,Jaipur,General Medicine,41,22,06-04-2024,13-04-2024,97925.7
Medico Plus,Chennai,Cardiology,9,156,14-10-2024,23-10-2024,21664.39
Metro Health,Kolkata,Neurology,19,161,18-11-2024,19-11-2024,16358.74
Apex Hospital,Lucknow,ENT,10,132,29-12-2023,02-01-2024,30919.71
Heritage Hospital,Jaipur,Cardiology,10,155,15-03-2025,19-03-2025,15263.42
Fortis Care,Mumbai,Neurology,44,111,29-12-2024,12-01-2025,77821.24
Metro Health,Chennai,Dermatology,7,64,02-06-2024,07-06-2024,5462.17
City Hospital,Ahmedabad,Cardiology,29,131,03-12-2023,14-12-2023,21557.61
Apex Hospital,Pune,Orthopedics,23,162,11-04-2024,14-04-2024,32901.99
Apex Hospital,Bangalore,Neurology,33,162,29-12-2024,05-01-2025,12268.78
Global Care,Bangalore,Neurology,48,75,01-02-2024,08-02-2024,81785.41
Wellness Clinic,Bangalore,ENT,10,125,23-01-2024,28-01-2024,17648.76
Wellness Clinic,Pune,Dermatology,31,69,05-12-2023,08-12-2023,27314.61
City Hospital,Ahmedabad,General Medicine,19,31,25-02-2024,03-03-2024,11226.78
Medico Plus,Pune,Orthopedics,40,60,22-08-2023,05-09-2023,6411.04
LifeLine Hospital,Pune,Neurology,12,156,04-04-2025,13-04-2025,98653.36
Global Care,Lucknow,Gynecology,50,139,02-02-2025,17-02-2025,80441.53
Apex Hospital,Pune,Pediatrics,12,27,18-09-2024,27-09-2024,75617.78
Apex Hospital,Chennai,Dermatology,17,83,21-06-2024,24-06-2024,22630.71
Sunrise Medical,Kolkata,Pediatrics,39,75,06-02-2025,16-02-2025,90779.44
Sunrise Medical,Pune,Gynecology,14,96,17-05-2024,22-05-2024,66529.79
Apex Hospital,Bangalore,Dermatology,9,48,23-01-2025,07-02-2025,5878.43
City Hospital,Delhi,Cardiology,38,99,12-02-2025,22-02-2025,57789.54
Apex Hospital,Chennai,Orthopedics,19,31,09-04-2025,24-04-2025,20482.72
Heritage Hospital,Hyderabad,Dermatology,26,123,19-02-2024,28-02-2024,20344.81
Global Care,Delhi,Dermatology,34,136,05-05-2025,15-05-2025,75699.32
Sunrise Medical,Ahmedabad,Orthopedics,32,183,25-02-2025,26-02-2025,6656.84
Fortis Care,Kolkata,Dermatology,44,178,07-07-2025,10-07-2025,87751.89
Apex Hospital,Bangalore,Orthopedics,40,65,06-07-2025,17-07-2025,87869.09
Apex Hospital,Mumbai,Gynecology,9,64,24-09-2024,02-10-2024,12221.32
Global Care,Mumbai,Urology,16,146,16-10-2023,20-10-2023,44453.23
Global Care,Ahmedabad,Dermatology,32,193,19-08-2023,25-08-2023,32391.8
Metro Health,Pune,Neurology,8,66,14-06-2025,29-06-2025,24197.04
Fortis Care,Ahmedabad,Pediatrics,36,93,26-04-2025,01-05-2025,12722.27
Global Care,Kolkata,ENT,18,146,15-08-2023,29-08-2023,26228.02
Sunrise Medical,Jaipur,General Medicine,43,44,11-11-2024,22-11-2024,61356.63
LifeLine Hospital,Ahmedabad,Gynecology,16,157,31-05-2025,12-06-2025,47898.87
LifeLine Hospital,Bangalore,Cardiology,41,194,17-05-2025,22-05-2025,60394.53
Global Care,Mumbai,Gynecology,23,134,03-07-2025,05-07-2025,4447.89
Global Care,Bangalore,General Medicine,45,40,13-10-2023,15-10-2023,21292.68
LifeLine Hospital,Ahmedabad,ENT,20,154,11-12-2024,16-12-2024,3052.27
City Hospital,Pune,Neurology,14,71,18-08-2023,22-08-2023,56523.54
Medico Plus,Jaipur,Urology,43,161,06-11-2024,13-11-2024,47621.65
LifeLine Hospital,Lucknow,Urology,34,118,29-03-2025,06-04-2025,72625.21
Sunrise Medical,Mumbai,Dermatology,42,192,03-08-2024,10-08-2024,55943.72
Global Care,Mumbai,Gynecology,18,173,25-05-2025,03-06-2025,41402.06
Wellness Clinic,Lucknow,Neurology,36,86,05-10-2024,09-10-2024,6032.32
LifeLine Hospital,Pune,Orthopedics,21,194,30-12-2024,14-01-2025,11366.55
LifeLine Hospital,Jaipur,Pediatrics,42,77,19-01-2025,28-01-2025,3920.51
Global Care,Delhi,Cardiology,5,131,02-01-2025,16-01-2025,26526.69
City Hospital,Ahmedabad,Pediatrics,13,124,26-10-2023,31-10-2023,96703.66
City Hospital,Lucknow,General Medicine,30,26,11-01-2025,15-01-2025,50434.62
Heritage Hospital,Bangalore,Gynecology,10,34,08-06-2025,18-06-2025,48333.61
Apex Hospital,Hyderabad,ENT,7,143,13-01-2025,18-01-2025,95170.64
Global Care,Hyderabad,Neurology,47,197,23-05-2024,03-06-2024,89138.92
Metro Health,Bangalore,Neurology,12,155,28-08-2024,30-08-2024,24871.83
Sunrise Medical,Mumbai,Urology,27,177,26-05-2025,31-05-2025,47845.37
Sunrise Medical,Kolkata,Gynecology,12,88,13-12-2023,19-12-2023,80272.32
Metro Health,Lucknow,Urology,15,72,13-12-2024,16-12-2024,51947.4
Metro Health,Ahmedabad,Cardiology,44,175,15-04-2024,29-04-2024,50685.12
Fortis Care,Chennai,ENT,17,149,12-07-2023,14-07-2023,21964.05
Metro Health,Chennai,Urology,37,197,16-08-2024,28-08-2024,17666.05
LifeLine Hospital,Mumbai,Orthopedics,41,156,02-12-2024,07-12-2024,5984.07
Apex Hospital,Delhi,General Medicine,38,32,26-06-2024,08-07-2024,36670.38
Medico Plus,Lucknow,Cardiology,42,199,28-08-2024,11-09-2024,31144.36
Sunrise Medical,Pune,Oncology,30,24,09-04-2025,11-04-2025,90626.45
City Hospital,Ahmedabad,Oncology,31,87,06-11-2023,21-11-2023,70340.04
Wellness Clinic,Ahmedabad,Gynecology,24,89,20-02-2024,23-02-2024,93973.26
Heritage Hospital,Chennai,ENT,23,190,09-08-2024,15-08-2024,59295.82
Global Care,Mumbai,Pediatrics,11,81,19-08-2024,20-08-2024,87918.15
LifeLine Hospital,Hyderabad,General Medicine,35,163,13-12-2024,15-12-2024,53631.07
Sunrise Medical,Kolkata,Gynecology,31,33,14-09-2023,19-09-2023,14192.23
Medico Plus,Delhi,Orthopedics,44,68,01-06-2024,05-06-2024,93451.48
Global Care,Mumbai,Pediatrics,23,29,29-09-2024,05-10-2024,72751.79
Metro Health,Bangalore,Pediatrics,33,153,11-03-2025,14-03-2025,9330.57
Metro Health,Jaipur,Gynecology,10,111,12-04-2025,15-04-2025,88811.21
Wellness Clinic,Hyderabad,Orthopedics,11,110,09-12-2023,15-12-2023,96568.81
Apex Hospital,Mumbai,Neurology,12,189,30-04-2025,08-05-2025,24291.76
City Hospital,Hyderabad,Oncology,39,92,13-06-2024,23-06-2024,55921.4
Apex Hospital,Kolkata,Oncology,14,98,04-11-2024,19-11-2024,60347.08
LifeLine Hospital,Jaipur,General Medicine,9,130,17-09-2024,19-09-2024,74949.67
Medico Plus,Ahmedabad,Gynecology,43,49,23-02-2024,01-03-2024,37668.4
Wellness Clinic,Delhi,Orthopedics,14,37,10-02-2025,11-02-2025,99488.99
Sunrise Medical,Hyderabad,Urology,16,144,02-06-2025,04-06-2025,94247.25
Medico Plus,Pune,ENT,5,30,28-12-2023,09-01-2024,72412.54
Heritage Hospital,Hyderabad,Pediatrics,27,84,02-10-2024,08-10-2024,23716.47
Heritage Hospital,Jaipur,General Medicine,33,183,22-08-2023,27-08-2023,6935.95
Metro Health,Pune,Neurology,29,174,05-11-2024,08-11-2024,68439.61
Metro Health,Pune,Urology,21,133,07-04-2024,14-04-2024,69270.9
Medico Plus,Pune,Pediatrics,11,30,01-07-2024,16-07-2024,41682.58
Wellness Clinic,Mumbai,Neurology,8,115,03-11-2024,08-11-2024,17771.43
Global Care,Pune,Orthopedics,9,135,14-10-2024,28-10-2024,13901.17
LifeLine Hospital,Pune,Pediatrics,43,80,25-07-2024,02-08-2024,26727.98
Fortis Care,Pune,Gynecology,10,31,12-03-2025,16-03-2025,64858.19
Heritage Hospital,Chennai,Cardiology,41,96,24-09-2023,02-10-2023,18311.91
Apex Hospital,Lucknow,Dermatology,8,156,02-02-2024,15-02-2024,84533.2
Medico Plus,Delhi,Cardiology,27,78,21-01-2024,31-01-2024,10835.83
LifeLine Hospital,Pune,Urology,14,161,28-03-2025,29-03-2025,29996.48
Global Care,Hyderabad,Urology,22,99,18-11-2024,24-11-2024,30059.3
Fortis Care,Bangalore,ENT,16,156,16-04-2025,18-04-2025,68873.23
Heritage Hospital,Mumbai,Neurology,31,29,05-10-2024,07-10-2024,98753.26
Heritage Hospital,Lucknow,General Medicine,6,173,22-02-2025,04-03-2025,97414.84
Apex Hospital,Pune,Dermatology,24,151,26-08-2024,03-09-2024,47039.94
Metro Health,Chennai,Orthopedics,27,114,27-02-2024,28-02-2024,59753.0
Fortis Care,Pune,Orthopedics,16,85,01-05-2025,03-05-2025,30827.28
Heritage Hospital,Lucknow,Neurology,18,79,08-02-2025,19-02-2025,30170.47
City Hospital,Hyderabad,Pediatrics,50,151,13-02-2024,19-02-2024,83896.82
Medico Plus,Delhi,Urology,12,85,23-09-2024,05-10-2024,37604.57
Fortis Care,Bangalore,ENT,14,173,19-07-2023,30-07-2023,38179.61
Metro Health,Hyderabad,Pediatrics,33,199,03-01-2025,04-01-2025,56488.74
Wellness Clinic,Ahmedabad,Pediatrics,6,129,17-10-2023,28-10-2023,95450.85
Sunrise Medical,Pune,Neurology,8,173,11-10-2023,22-10-2023,79286.23
Fortis Care,Bangalore,Gynecology,21,197,05-09-2024,09-09-2024,27950.8
Medico Plus,Mumbai,Dermatology,44,91,19-08-2024,03-09-2024,74275.11
Wellness Clinic,Chennai,Cardiology,28,51,09-03-2024,19-03-2024,48265.79
Heritage Hospital,Mumbai,Gynecology,34,121,30-03-2025,01-04-2025,4119.7
Sunrise Medical,Bangalore,Dermatology,42,181,21-12-2023,27-12-2023,97231.53
Heritage Hospital,Chennai,Gynecology,6,44,16-10-2024,20-10-2024,16180.09
City Hospital,Bangalore,Pediatrics,39,98,20-10-2024,26-10-2024,52815.27
Metro Health,Lucknow,Pediatrics,44,148,02-12-2023,09-12-2023,99672.63
Heritage Hospital,Lucknow,Pediatrics,35,59,04-02-2024,17-02-2024,79909.46
Sunrise Medical,Ahmedabad,Cardiology,18,155,05-03-2024,08-03-2024,20927.68
Sunrise Medical,Ahmedabad,Gynecology,13,52,24-07-2024,26-07-2024,13018.92
Global Care,Pune,ENT,19,74,17-09-2023,18-09-2023,97592.41
Medico Plus,Delhi,Neurology,50,38,01-03-2024,16-03-2024,35396.11
Global Care,Hyderabad,Neurology,13,125,10-12-2024,11-12-2024,19236.23
City Hospital,Jaipur,Neurology,10,47,17-11-2024,26-11-2024,65107.31
Global Care,Ahmedabad,Oncology,29,104,14-10-2023,27-10-2023,35916.59
Fortis Care,Delhi,Urology,22,101,14-10-2024,18-10-2024,88342.66
Sunrise Medical,Chennai,Pediatrics,48,56,19-02-2025,25-02-2025,51296.01
Wellness Clinic,Delhi,Pediatrics,12,130,08-07-2025,17-07-2025,80240.5
Apex Hospital,Jaipur,Pediatrics,31,61,14-02-2025,21-02-2025,5107.34
Sunrise Medical,Pune,General Medicine,10,169,09-12-2024,16-12-2024,51218.8
Fortis Care,Lucknow,Neurology,36,85,08-06-2025,12-06-2025,53506.17
Fortis Care,Kolkata,General Medicine,24,92,02-04-2025,03-04-2025,85018.69
Global Care,Chennai,General Medicine,32,132,04-09-2023,12-09-2023,72456.77
Apex Hospital,Ahmedabad,ENT,47,166,06-03-2024,17-03-2024,52283.59
Global Care,Kolkata,Neurology,23,154,31-07-2024,07-08-2024,40890.52
Sunrise Medical,Chennai,Cardiology,32,107,23-05-2024,30-05-2024,25664.15
City Hospital,Delhi,General Medicine,34,109,02-06-2024,03-06-2024,92797.56
Metro Health,Bangalore,ENT,22,151,19-09-2023,23-09-2023,85771.58
Fortis Care,Chennai,Neurology,49,34,15-12-2023,29-12-2023,92727.96
Metro Health,Hyderabad,Cardiology,32,166,17-06-2025,28-06-2025,17504.81
Wellness Clinic,Lucknow,Gynecology,15,77,15-06-2025,26-06-2025,41168.73
Sunrise Medical,Hyderabad,Cardiology,48,83,19-09-2024,03-10-2024,14241.64
Heritage Hospital,Delhi,Dermatology,24,134,27-02-2025,10-03-2025,6393.37
Fortis Care,Bangalore,Urology,41,48,16-10-2024,18-10-2024,33955.26
Metro Health,Lucknow,Dermatology,31,41,20-12-2024,27-12-2024,94961.21
Global Care,Hyderabad,Oncology,37,183,01-02-2024,13-02-2024,75590.04
Fortis Care,Mumbai,Dermatology,27,198,04-10-2024,13-10-2024,10089.48
Medico Plus,Kolkata,Pediatrics,25,100,31-07-2023,06-08-2023,20172.27
LifeLine Hospital,Ahmedabad,Gynecology,8,63,30-04-2024,09-05-2024,19877.52
Wellness Clinic,Bangalore,Pediatrics,15,131,22-10-2024,26-10-2024,94510.24
Metro Health,Bangalore,Gynecology,11,154,03-08-2024,18-08-2024,13090.73
Wellness Clinic,Ahmedabad,General Medicine,10,93,05-01-2024,19-01-2024,99813.0
Wellness Clinic,Ahmedabad,Gynecology,44,175,15-02-2024,20-02-2024,51369.58
LifeLine Hospital,Lucknow,Pediatrics,7,64,26-10-2024,04-11-2024,87926.18
Heritage Hospital,Bangalore,General Medicine,18,168,31-10-2023,14-11-2023,45426.92
LifeLine Hospital,Hyderabad,Orthopedics,49,108,23-07-2024,07-08-2024,15100.52
City Hospital,Mumbai,ENT,12,183,14-11-2024,15-11-2024,94436.67
City Hospital,Delhi,Cardiology,21,111,05-08-2024,15-08-2024,27613.65
Wellness Clinic,Ahmedabad,Cardiology,29,80,11-01-2024,17-01-2024,71629.58
LifeLine Hospital,Mumbai,Oncology,6,61,09-04-2024,19-04-2024,66470.22
LifeLine Hospital,Mumbai,General Medicine,25,170,19-04-2024,28-04-2024,81185.37
Apex Hospital,Mumbai,Cardiology,35,154,16-04-2024,18-04-2024,77812.65
Medico Plus,Bangalore,Pediatrics,32,68,26-01-2025,08-02-2025,94473.59
Apex Hospital,Jaipur,Gynecology,47,98,20-10-2024,02-11-2024,42311.89
Sunrise Medical,Lucknow,Pediatrics,11,189,23-09-2024,25-09-2024,98512.4
Global Care,Delhi,Oncology,14,81,13-01-2025,14-01-2025,25632.07
LifeLine Hospital,Hyderabad,Dermatology,42,21,29-01-2024,30-01-2024,65482.15
LifeLine Hospital,Delhi,Orthopedics,5,84,01-04-2024,15-04-2024,61243.93
Fortis Care,Chennai,ENT,37,151,21-08-2024,28-08-2024,45762.6
Fortis Care,Mumbai,ENT,44,184,15-05-2025,18-05-2025,39637.1
Apex Hospital,Chennai,Gynecology,28,169,17-01-2025,28-01-2025,98126.1
Metro Health,Jaipur,Urology,6,196,12-01-2025,17-01-2025,45473.66
Wellness Clinic,Lucknow,Cardiology,42,185,06-10-2023,10-10-2023,13189.57
Metro Health,Delhi,Dermatology,13,70,23-04-2024,29-04-2024,84779.28
Fortis Care,Pune,Orthopedics,41,183,14-10-2024,15-10-2024,12258.04
Heritage Hospital,Delhi,Oncology,15,90,14-10-2023,17-10-2023,58201.31
Medico Plus,Hyderabad,Cardiology,15,183,18-06-2025,01-07-2025,71292.69
Fortis Care,Chennai,Cardiology,36,24,18-09-2023,28-09-2023,83725.64
Apex Hospital,Jaipur,Orthopedics,30,174,06-03-2025,20-03-2025,8375.84
Metro Health,Hyderabad,Cardiology,28,187,20-06-2025,03-07-2025,41604.37
City Hospital,Bangalore,Neurology,26,67,17-06-2024,22-06-2024,57797.3
Sunrise Medical,Ahmedabad,General Medicine,39,161,24-10-2023,01-11-2023,32815.86
Fortis Care,Hyderabad,Gynecology,42,108,21-07-2023,02-08-2023,12803.41
Metro Health,Kolkata,Orthopedics,37,124,06-11-2023,15-11-2023,66947.52
Global Care,Kolkata,Gynecology,12,186,05-04-2024,16-04-2024,33553.99
Apex Hospital,Mumbai,Urology,17,124,25-10-2023,07-11-2023,45054.14
Heritage Hospital,Bangalore,Gynecology,28,155,06-03-2024,19-03-2024,55300.55
Wellness Clinic,Lucknow,Cardiology,40,70,15-01-2024,23-01-2024,46748.52
City Hospital,Kolkata,General Medicine,42,134,16-02-2025,23-02-2025,55912.9
Sunrise Medical,Bangalore,Urology,40,29,19-11-2023,27-11-2023,45273.58
Fortis Care,Chennai,Dermatology,35,125,05-05-2025,11-05-2025,42452.17
Global Care,Bangalore,Orthopedics,13,142,17-03-2025,30-03-2025,24702.53
Metro Health,Pune,Dermatology,26,153,21-09-2023,05-10-2023,99508.86
Metro Health,Mumbai,Pediatrics,47,121,11-08-2024,15-08-2024,59246.22
Medico Plus,Jaipur,Urology,9,22,09-07-2024,16-07-2024,48392.48
Global Care,Chennai,Pediatrics,29,44,15-09-2023,16-09-2023,56862.29
Heritage Hospital,Mumbai,General Medicine,34,60,04-09-2023,11-09-2023,24285.95
LifeLine Hospital,Kolkata,Dermatology,16,194,24-03-2024,05-04-2024,77732.25
LifeLine Hospital,Ahmedabad,Oncology,43,180,31-10-2024,04-11-2024,93945.77
Global Care,Jaipur,Dermatology,21,122,13-02-2024,27-02-2024,3537.09
Sunrise Medical,Hyderabad,Neurology,15,101,11-03-2024,25-03-2024,33538.14
Medico Plus,Bangalore,Gynecology,16,70,08-09-2023,19-09-2023,53243.82
Metro Health,Ahmedabad,Urology,6,39,28-04-2025,02-05-2025,5756.64
City Hospital,Delhi,Orthopedics,12,86,20-06-2025,02-07-2025,63375.97
Fortis Care,Pune,General Medicine,32,48,23-09-2024,27-09-2024,32488.2
City Hospital,Mumbai,Urology,34,37,31-03-2025,15-04-2025,80622.53
City Hospital,Pune,Urology,46,147,24-11-2024,06-12-2024,5489.61
Global Care,Hyderabad,Pediatrics,20,104,09-08-2023,12-08-2023,82876.44
Heritage Hospital,Hyderabad,Pediatrics,26,177,01-02-2025,11-02-2025,99664.62
Global Care,Bangalore,Pediatrics,48,165,14-11-2023,20-11-2023,85380.39
Global Care,Lucknow,Dermatology,12,198,27-04-2024,06-05-2024,31406.93
Wellness Clinic,Ahmedabad,Urology,45,69,13-11-2023,21-11-2023,60261.99
Wellness Clinic,Hyderabad,Pediatrics,16,43,02-07-2025,06-07-2025,87533.35
City Hospital,Kolkata,Neurology,15,131,22-06-2024,02-07-2024,64960.17
City Hospital,Pune,Urology,36,38,01-10-2024,04-10-2024,92158.51
Fortis Care,Lucknow,Cardiology,11,49,03-04-2025,15-04-2025,39286.96
City Hospital,Bangalore,Cardiology,44,102,20-07-2024,02-08-2024,89899.7
Medico Plus,Hyderabad,Urology,13,127,05-02-2024,19-02-2024,16612.9
Global Care,Hyderabad,Neurology,47,167,16-08-2023,17-08-2023,49255.84
Metro Health,Lucknow,Urology,30,71,03-01-2024,10-01-2024,77748.21
Metro Health,Kolkata,Orthopedics,30,46,21-06-2024,03-07-2024,47335.34
LifeLine Hospital,Kolkata,Neurology,34,24,25-06-2024,06-07-2024,78088.15
Wellness Clinic,Delhi,Pediatrics,13,52,11-08-2023,25-08-2023,73397.76
Medico Plus,Ahmedabad,Gynecology,29,107,27-03-2024,30-03-2024,15282.35
Metro Health,Chennai,Neurology,46,186,19-08-2023,31-08-2023,50120.63
Fortis Care,Bangalore,Neurology,12,96,14-12-2024,28-12-2024,68945.28
Fortis Care,Kolkata,Dermatology,39,173,06-11-2023,07-11-2023,21776.72
City Hospital,Hyderabad,Oncology,36,164,14-02-2024,19-02-2024,51790.77
Global Care,Pune,ENT,7,52,05-02-2024,09-02-2024,91781.33
Heritage Hospital,Mumbai,Pediatrics,47,54,23-08-2023,05-09-2023,84858.81
Wellness Clinic,Kolkata,Orthopedics,10,122,30-05-2025,05-06-2025,72809.79
Metro Health,Jaipur,Cardiology,37,32,05-08-2023,19-08-2023,10445.82
Sunrise Medical,Chennai,General Medicine,6,123,22-03-2024,26-03-2024,27879.55
Medico Plus,Mumbai,Oncology,48,174,14-01-2025,24-01-2025,7418.35
LifeLine Hospital,Mumbai,Pediatrics,29,25,15-07-2023,17-07-2023,7695.96
Fortis Care,Delhi,Neurology,50,179,05-11-2024,14-11-2024,77005.5
LifeLine Hospital,Ahmedabad,Oncology,37,121,17-08-2023,18-08-2023,50516.68
City Hospital,Lucknow,Oncology,35,40,02-10-2023,17-10-2023,75567.24
Apex Hospital,Ahmedabad,Pediatrics,39,119,03-07-2025,15-07-2025,46668.33
Medico Plus,Lucknow,Gynecology,23,118,01-04-2025,02-04-2025,29446.31
Global Care,Hyderabad,General Medicine,13,136,25-06-2025,06-07-2025,16380.16
Metro Health,Hyderabad,Dermatology,25,40,02-05-2024,04-05-2024,95117.18
LifeLine Hospital,Bangalore,General Medicine,49,189,21-02-2024,27-02-2024,64968.42
Wellness Clinic,Lucknow,Pediatrics,34,75,23-07-2024,06-08-2024,93592.49
Fortis Care,Ahmedabad,Dermatology,38,85,03-08-2024,10-08-2024,8195.51
Sunrise Medical,Pune,Cardiology,5,131,04-11-2024,15-11-2024,25272.7
Metro Health,Hyderabad,ENT,41,174,15-09-2023,26-09-2023,12321.75
Wellness Clinic,Mumbai,Pediatrics,13,27,25-11-2023,01-12-2023,27370.98
Fortis Care,Hyderabad,Urology,17,182,27-02-2025,04-03-2025,37421.79
Global Care,Chennai,Urology,41,151,18-06-2025,30-06-2025,81929.0
Medico Plus,Chennai,General Medicine,32,62,24-01-2024,07-02-2024,60226.94
Wellness Clinic,Kolkata,Cardiology,36,101,05-11-2024,13-11-2024,77904.85
Wellness Clinic,Hyderabad,ENT,47,129,18-02-2025,23-02-2025,56415.67
Wellness Clinic,Bangalore,Cardiology,12,151,11-09-2024,22-09-2024,21596.44
LifeLine Hospital,Delhi,Cardiology,21,197,01-02-2024,11-02-2024,31056.77
Medico Plus,Ahmedabad,Oncology,31,110,01-07-2025,06-07-2025,67712.86
Apex Hospital,Ahmedabad,Urology,35,134,02-02-2025,05-02-2025,98925.67
Sunrise Medical,Delhi,Gynecology,37,29,02-11-2023,08-11-2023,3941.92
Wellness Clinic,Mumbai,General Medicine,23,137,15-02-2025,20-02-2025,47049.15
Heritage Hospital,Kolkata,ENT,44,142,19-05-2025,20-05-2025,76139.8
Global Care,Lucknow,Urology,28,198,28-04-2025,03-05-2025,56742.6
LifeLine Hospital,Hyderabad,Urology,44,168,12-07-2024,27-07-2024,22672.56
Heritage Hospital,Kolkata,Dermatology,36,59,27-04-2025,05-05-2025,49245.87
Apex Hospital,Bangalore,ENT,12,27,24-06-2025,29-06-2025,26838.87
City Hospital,Kolkata,Oncology,41,97,22-01-2024,25-01-2024,8275.14
Medico Plus,Hyderabad,Oncology,15,80,23-11-2024,08-12-2024,17786.57
City Hospital,Chennai,Urology,37,140,07-10-2024,20-10-2024,70427.12
Global Care,Delhi,Dermatology,38,181,14-04-2024,19-04-2024,61614.56
Wellness Clinic,Ahmedabad,Cardiology,13,200,08-12-2024,15-12-2024,78078.19
LifeLine Hospital,Chennai,Oncology,32,43,28-12-2023,07-01-2024,69252.54
Heritage Hospital,Lucknow,Oncology,42,129,07-04-2024,20-04-2024,10475.12
Wellness Clinic,Chennai,Cardiology,41,140,10-10-2024,13-10-2024,65166.27
Global Care,Chennai,Neurology,12,139,26-02-2024,06-03-2024,44408.35
Wellness Clinic,Pune,Cardiology,44,169,02-06-2024,06-06-2024,49178.01
Medico Plus,Ahmedabad,Dermatology,48,133,24-07-2024,26-07-2024,86665.72
Fortis Care,Ahmedabad,Dermatology,27,185,30-08-2024,10-09-2024,14435.52
LifeLine Hospital,Chennai,Oncology,5,42,30-12-2023,10-01-2024,22172.56
Medico Plus,Ahmedabad,Pediatrics,22,144,29-09-2024,05-10-2024,7263.33
Heritage Hospital,Ahmedabad,Neurology,33,42,08-04-2024,20-04-2024,36390.85
Apex Hospital,Kolkata,Orthopedics,16,97,16-01-2024,27-01-2024,94308.46
City Hospital,Hyderabad,Oncology,32,149,29-07-2024,12-08-2024,88464.09
Metro Health,Mumbai,Gynecology,34,118,13-02-2025,25-02-2025,51307.18
Medico Plus,Chennai,ENT,25,143,27-09-2023,01-10-2023,90849.09
Wellness Clinic,Bangalore,ENT,15,46,26-06-2024,09-07-2024,77099.63
Medico Plus,Pune,Gynecology,38,51,23-03-2025,31-03-2025,84889.96
Sunrise Medical,Ahmedabad,Pediatrics,11,78,06-08-2023,09-08-2023,84840.42
Global Care,Kolkata,Cardiology,36,124,02-06-2024,08-06-2024,33746.11
City Hospital,Lucknow,ENT,17,95,12-07-2024,26-07-2024,8524.2
Wellness Clinic,Lucknow,Orthopedics,48,53,19-02-2024,23-02-2024,57821.79
Global Care,Chennai,ENT,43,42,23-07-2024,30-07-2024,14085.58
Metro Health,Mumbai,Neurology,24,128,11-08-2024,13-08-2024,91469.96
